{
    "timeouts": {
            "implicit": "10",
            "pageLoad": "300000",
            "script": "30000"
        },

    "capabilities": {
        "os": "Windows",
        "os_version": "10",
        "resolution": "1920x1080",
        "browserstack.debug": false,
        "browserstack.local": "false",
        "browserstack.timezone": "UTC",
        "networkConnectionEnabled": true,
        "TIMEOUT": "timeouts",
        "browser": "Chrome",
        "versions": ["latest", "latest - 1", "latest - 2"],
        "name": "Remote-PECT-TestAutomation-BrowserStack-Test",
        "build": "PECT-TA-BSA-Build-001",
        "realMobile": true,
        "deviceOrientation": "landscape"
    }
}
